,0,1,2,3,4,accuracy,macro avg,weighted avg,cohen,recall,precision,f1
precision,88.95097332372026,53.33489901362142,84.70846306255308,74.71059661620659,87.10205992509363,81.96589267859127,77.761398388239,81.74384937823885,75.16137706487852,81.96589267859127,81.74384937823885,81.71867312602662
recall,95.22431259044862,51.02224219276567,87.19498871002986,71.89374464438731,72.60487804878049,81.96589267859127,75.58803323728239,81.96589267859127,75.16137706487852,81.96589267859127,81.74384937823885,81.71867312602662
f1-score,91.98080238572294,52.152945229073374,85.93374250744769,73.27510917030567,79.19548792167713,81.96589267859127,76.50761744284537,81.71867312602662,75.16137706487852,81.96589267859127,81.74384937823885,81.71867312602662
support,1036500.0,445100.0,1372900.0,233400.0,512500.0,81.96589267859127,3600400.0,3600400.0,75.16137706487852,81.96589267859127,81.74384937823885,81.71867312602662
