,0,1,2,3,4,accuracy,macro avg,weighted avg,cohen,recall,precision,f1
precision,88.41457816946662,48.76579203109815,85.17805582290664,88.27420324714372,81.17180984153461,80.5632707476947,78.36088782242993,81.23877033847138,73.3825816509295,80.5632707476947,81.23877033847138,80.69839750891128
recall,92.91847563917028,56.369355201078406,83.80071381746667,62.896315338474714,75.9609756097561,80.5632707476947,74.38916712118923,80.5632707476947,73.3825816509295,80.5632707476947,81.23877033847138,80.69839750891128
f1-score,90.61059365885784,52.29262192580242,84.48377147892494,73.45509131848885,78.47999193629673,80.5632707476947,75.86441406367415,80.69839750891128,73.3825816509295,80.5632707476947,81.23877033847138,80.69839750891128
support,1036500.0,445100.0,1372900.0,233400.0,512500.0,80.5632707476947,3600400.0,3600400.0,73.3825816509295,80.5632707476947,81.23877033847138,80.69839750891128
accuracy,92.91847563917028,56.369355201078406,83.80071381746667,62.896315338474714,75.9609756097561,80.5632707476947,,,73.3825816509295,80.5632707476947,81.23877033847138,80.69839750891128
