,0,1,2,3,4,accuracy,macro avg,weighted avg,cohen,recall,precision,f1
precision,92.22897963123854,52.11418759390427,84.7671550848687,75.83580194667795,82.96464750878644,81.86034885012776,77.58215435309519,82.04300842252233,75.2118478925988,81.86034885012776,82.04300842252233,81.93831888886915
recall,92.17559093101785,54.54953942934172,85.11909097530774,76.77806341045415,78.30243902439025,81.86034885012776,77.38494475410234,81.86034885012776,75.2118478925988,81.86034885012776,82.04300842252233,81.93831888886915
f1-score,92.20227755259603,53.30406147091108,84.94275849536616,76.30402384500744,80.56615137522587,81.86034885012776,77.46385454782131,81.93831888886915,75.2118478925988,81.86034885012776,82.04300842252233,81.93831888886915
support,1036500.0,445100.0,1372900.0,233400.0,512500.0,81.86034885012776,3600400.0,3600400.0,75.2118478925988,81.86034885012776,82.04300842252233,81.93831888886915
accuracy,92.17559093101785,54.54953942934172,85.11909097530774,76.77806341045415,78.30243902439025,81.86034885012776,,,75.2118478925988,81.86034885012776,82.04300842252233,81.93831888886915
