,0,1,2,3,4,accuracy,macro avg,weighted avg,cohen,recall,precision,f1
precision,91.53770812928501,54.22822210901681,83.69001066477071,64.9706457925636,82.37280979522905,80.93545161648706,75.35987929817306,80.90602308810973,73.94379200537156,80.93545161648706,80.90602308810973,80.78276211231619
recall,90.16883743367102,47.8319478768816,85.73821836987399,85.34704370179949,76.13658536585366,80.93545161648706,77.04452654961594,80.93545161648706,73.94379200537156,80.93545161648706,80.90602308810973,80.78276211231619
f1-score,90.84811664641555,50.82965262026978,84.70173418723465,73.77777777777777,79.13202190225107,80.93545161648706,75.85786062678976,80.78276211231619,73.94379200537156,80.93545161648706,80.90602308810973,80.78276211231619
support,1036500.0,445100.0,1372900.0,233400.0,512500.0,80.93545161648706,3600400.0,3600400.0,73.94379200537156,80.93545161648706,80.90602308810973,80.78276211231619
accuracy,90.16883743367102,47.8319478768816,85.73821836987399,85.34704370179949,76.13658536585366,80.93545161648706,,,73.94379200537156,80.93545161648706,80.90602308810973,80.78276211231619
